,count
annual,19
plan,19
starting,19
comprehensive,19
time,19
competitive,19
experience,19
matching,19
parental,19
grant,19
form,19
paid,19
discretionary,19
health,19
year,19
equity,19
salary,19
flexible,19
team,19
design,19
k,19
hire,19
leave,19
bonus,19
new,19
incentive,19
company,19
longterm,19
security,17
code,16
development,16
ability,16
mindset,15
technical,15
quality,15
industry,15
engineering,15
working,15
product,15
practice,15
engineer,14
software,14
work,14
review,13
understanding,13
expertise,13
solution,12
language,12
scala,12
improve,12
feature,12
performance,12
system,12
across,12
customer,12
closely,12
least,11
productfocused,11
dependency,11
strong,11
collaboration,11
building,11
wellreasoned,11
multiple,11
handle,11
tradeoff,11
best,11
speed,11
competing,11
deliver,10
testing,10
backend,10
peer,10
java,10
knowledge,10
platform,10
concept,9
gemini,9
blockchain,9
correctness,9
manager,9
process,9
maintainability,9
demonstrated,9
make,9
priority,9
build,9
style,9
highquality,9
service,9
manage,9
management,9
mentor,9
adapt,9
lead,8
project,8
production,8
integration,8
identify,8
architecture,8
operation,8
record,8
scale,8
informed,8
application,8
reliability,8
develop,8
skill,8
crypto,8
technology,8
efficient,8
innovation,7
decision,7
excellence,7
proficiency,7
comfortable,7
requirement,7
maintaining,7
advocate,7
environment,7
improvement,7
communication,7
designer,7
refactoring,7
developer,7
collaborate,7
using,7
concern,7
programming,7
information,7
high,7
drive,7
engaging,6
tool,6
complex,6
automated,6
standard,6
example,6
existing,6
trend,6
c,6
test,6
improving,6
base,6
feedback,6
upgrade,6
ensuring,6
proven,6
member,6
making,6
mentoring,6
availability,6
component,6
operational,6
use,6
typescript,6
web,6
one,6
ui,6
uxui,6
unit,6
stay,6
maintainable,6
frontend,6
cloud,6
provide,6
focus,6
related,6
mobile,5
issue,5
impact,5
culture,5
track,5
potential,5
science,5
implement,5
degree,5
deep,5
native,5
andor,5
master,5
analysis,5
like,5
consistently,5
react,5
leadership,5
excellent,5
ensure,5
bachelor,5
field,5
quickly,5
computer,5
methodology,5
familiarity,5
user,5
secure,5
interest,4
reusable,4
foundational,4
microservices,4
javascripttypescript,4
level,4
kotlin,4
space,4
junior,4
payment,4
velocity,4
data,4
think,4
foster,4
architect,4
ramp,4
set,4
required,4
finance,4
highly,4
deploying,4
mostly,4
willing,4
great,4
learn,4
principle,4
youre,4
facing,4
protocol,4
scalable,4
cycle,4
developing,4
infrastructure,4
azure,4
written,4
integrate,4
wallet,4
aws,4
write,4
agile,4
towards,4
etc,4
following,4
capability,4
similar,4
systematically,4
approach,4
vertical,4
passionate,4
genuinely,4
iterating,4
locally,4
support,4
leading,3
state,3
need,3
mechanism,3
reporting,3
onboarding,3
help,3
manual,3
acquisition,3
touch,3
reliable,3
planning,3
experimentation,3
tenured,3
risk,3
event,3
business,3
emerging,3
able,3
eg,3
crossfunctional,3
sensibility,3
library,3
expert,3
needed,3
stakeholder,3
adoption,3
reanimated,3
implementing,3
initiative,3
learning,3
timezones,3
implementation,3
strategic,3
continuous,3
less,3
contribute,3
including,3
managing,3
devops,3
influence,3
reactjs,3
execute,3
influencing,3
capable,3
debug,3
prioritize,3
lifetime,3
act,3
datadriven,3
performant,3
consumerfacing,3
growth,3
scalability,3
framework,3
point,3
status,3
tooling,3
lifecycle,3
within,3
guidance,3
effectively,3
afraid,2
writing,2
everyone,2
accessibility,2
participate,2
teaching,2
read,2
large,2
tolerant,2
highperforming,2
keep,2
huge,2
include,2
automation,2
vendor,2
realtime,2
training,2
elegant,2
documentation,2
vital,2
disaster,2
cryptoback,2
gcp,2
common,2
quantitative,2
card,2
acceptable,2
measure,2
running,2
response,2
teammate,2
cc,2
quick,2
physical,2
available,2
facilitate,2
advise,2
thereby,2
known,2
p,2
eliminate,2
also,2
jest,2
alerting,2
trafficked,2
phase,2
guiding,2
emphasis,2
delivery,2
throughout,2
delivering,2
staying,2
builderio,2
constructive,2
collaboratively,2
task,2
convert,2
commitment,2
distributed,2
deployment,2
integrating,2
consistency,2
insight,2
theoretical,2
optimize,2
zone,2
cm,2
analytics,2
interacting,2
successful,2
contentful,2
highimpact,2
outcome,2
maintenance,2
proactive,2
collaborating,2
indepth,2
content,2
focused,2
puppet,2
levelup,2
consumer,2
iam,2
bitcoin,2
ethereum,2
ansible,2
swift,2
goto,2
android,2
storybook,2
deploy,2
solid,2
hardware,2
plus,2
io,2
javascript,2
bestinclass,2
generation,2
node,2
problemsolving,2
grow,2
teamwork,2
pressure,2
largescale,2
maintain,2
verbal,2
fintech,2
codefirst,2
uptodate,2
research,2
key,2
jump,2
increasingly,2
frontendmobile,2
scripting,2
cause,2
jenkins,2
attentive,2
organization,2
km,2
driver,2
overall,2
access,2
conduct,2
objective,2
applied,2
limited,2
demonstrate,2
three,2
encryption,2
handson,2
docker,2
next,2
bring,2
cloudbased,2
others,2
previous,2
network,2
operability,2
ownership,2
detail,2
solve,2
architectural,2
relevant,2
connect,2
around,2
aptitude,2
prioritizing,2
contract,2
involving,2
strategically,2
way,2
ruby,2
device,2
methodical,2
successfully,2
bestpractice,2
monitoring,2
golang,2
digital,2
material,2
dr,2
validate,2
scenario,2
operating,2
challenge,2
via,2
robust,2
knit,2
ongoing,2
area,2
eight,2
document,2
advanced,2
troubleshoot,2
ecosystem,2
transaction,2
supportability,2
apis,2
tight,2
removing,2
fullstack,2
cryptography,2
root,2
beyond,2
author,2
occasional,2
identity,2
trading,2
establish,2
website,2
validators,2
stability,2
reward,2
authentication,2
fault,2
endtoend,2
workflow,2
change,2
viability,2
class,2
specification,2
understand,2
well,2
python,2
credit,2
part,2
future,2
highavailable,2
investigation,2
exchange,2
recovery,2
partner,2
strategy,2
action,1
define,1
success,1
especially,1
swiftobjectivec,1
observability,1
continuously,1
github,1
ci,1
migration,1
inter,1
address,1
rollout,1
optimization,1
utilizing,1
dynamic,1
contributing,1
debugging,1
enhance,1
eliminating,1
tech,1
effort,1
global,1
input,1
exercise,1
sldc,1
estimation,1
validating,1
driven,1
scoping,1
debt,1
independently,1
javakotlin,1
proficient,1
incorporate,1
crossteam,1
meaningful,1
skia,1
navigation,1
monitor,1
codebases,1
skilled,1
scope,1
shared,1
adopting,1
updated,1
refined,1
lifecycles,1
resolve,1
animation,1
app,1
decisionmaking,1
marketing,1
 ,1
market,1
bridge,1
oversight,1
assess,1
recommendation,1
toward,1
minimize,1
role,1
effective,1
principal,1
conference,1
represent,1
thinker,1
communicator,1
mentorship,1
advantage,1
visionary,1
nontechnical,1
inspire,1
resolving,1
sale,1
report,1
choose,1
additionally,1
goal,1
crisis,1
thought,1
expectation,1
downtime,1
internet,1
modern,1
evangelism,1
serve,1
incident,1
opportunity,1
productivity,1
coding,1
progress,1
manner,1
promote,1
critical,1
resolution,1
play,1
direction,1
major,1
background,1
assessment,1
evaluate,1
close,1
interaction,1
department,1
alternative,1
understandable,1
fostering,1
communicate,1
regular,1
clear,1
due,1
top,1
partnership,1
achieve,1
update,1
align,1
extensive,1
guide,1
alignment,1
leader,1
funding,1
diligence,1
geodistributed,1
vision,1
providing,1
demonstrable,1
