,0,1,2,3,4,5,6,7,8,9,10,11,12,13,14,15,16,17,18,19,20,21,22,23,24,25,26,27,28,29,30,31,32,33,34,35,36,37,38,39,40,41,42,43,44,45,46,47,48,49,50,51,52,53,54,55,56,57,58,59,60,61,62,63,64,65,66,67,68,69,70,71,72,73,74,75,76,77,78,79,80,81,82,83,84,85,86,87,88,89,90,91,92,93,94,95,96,97,98,99,100,101,102,103,104,105,106,107,108,109,110,111,112,113,114,115,116,117,118,119,120,121,122,123,124,125,126,127,128,129,130,131,132,133,134,135,136,137,138,139,140,141,142,143,144,145,146,147,148,149,150,151,152,153,154,155,156,157,158,159,160,161,162,163,164,165,166,167,168,169,170,171,172,173,174,175,176,177,178,179,180,181,182,183,184,185,186,187,188,189,190,191,192,193,194,195,196,197,198,199,200,201,202,203,204,205,206,207,208,209,210,211,212,213,214,215,216,217,218,219,220,221,222,223,224,225,226,227,228,229,230,231,232,233,234,235,236,237,238,239,240,241,242,243,244,245,246,247,248,249,250,251,252,253,254
0,contact,california,facebook,notice,career,opportunity,privacy,instagram,home,policy,linkedin,fd,,,,,,,,,,,,,,,,,,,,,,,,,,,,,,,,,,,,,,,,,,,,,,,,,,,,,,,,,,,,,,,,,,,,,,,,,,,,,,,,,,,,,,,,,,,,,,,,,,,,,,,,,,,,,,,,,,,,,,,,,,,,,,,,,,,,,,,,,,,,,,,,,,,,,,,,,,,,,,,,,,,,,,,,,,,,,,,,,,,,,,,,,,,,,,,,,,,,,,,,,,,,,,,,,,,,,,,,,,,,,,,,,,,,,,,,,,,,,,,,,,,
1,ability,strategic,bonus,budget,incentive,internal,preparation,year,quickly,judgment,submit,within,numerous,form,parental,management,deal,excellent,technical,apar,consultant,lead,demonstrated,change,longterm,member,goal,client,across,space,time,team,expertise,firm,gemini,track,sustainable,function,foreign,driver,environment,background,k,account,weekly,improve,start,analysis,degree,capital,risk,would,overall,successfully,us,finance,financing,etc,match,include,compete,knowledge,knowledgeskills,heshe,ledger,dublin,organization,competitive,work,kpis,transaction,possess,develop,focus,influence,establish,currency,computation,exchange,record,equivalent,gaap,flow,provide,provider,cpa,datadriven,department,represent,oversight,plan,hire,legal,software,regulator,comprehensive,bookkeeping,prove,service,building,scheme,advise,maintains,suboutsourcing,third,regulatory,accordance,level,reconciliation,close,completion,party,maintain,presentation,statement,system,relevant,strong,current,leadership,deliver,profitable,grow,understanding,high,key,along,enhancing,control,sec,relationship,experience,equity,reforecasting,insight,field,value,growthoriented,strategy,reporting,advantageous,related,requirement,forecasting,translate,preferably,skill,financial,performing,leave,structure,guidance,procedure,health,multilayered,deadline,debt,ensure,body,matter,emerge,comply,ideal,deliverable,agree,external,business,excellence,advanced,learn,economics,accounting,compliance,fastpaced,salary,evaluate,candidate,professional,outstanding,license,well,annual,graduate,operation,grant,advisor,industry,facilitate,audit,retention,required,partnership,oversee,cultivate,rule,cash,proven,outsourced,manage,policy,gain,operational,prescribed,big,due,highly,tax,interpersonal,planning,monthly,assure,various,new,company,accurate,capacity,undergraduate,closing,event,singapore,global,fintechcrypto,board,product,pay,quarterly,complex,negotiation,relate,previous,rate,performance,regulated,diligence,growth,promote,international,design,activity,actionable,plus,responsibility,discretionary,flexible,regulate,process,critical,meeting,affiliate,support,communication,scale,respective,timely,agreement
2, ,,,,,,,,,,,,,,,,,,,,,,,,,,,,,,,,,,,,,,,,,,,,,,,,,,,,,,,,,,,,,,,,,,,,,,,,,,,,,,,,,,,,,,,,,,,,,,,,,,,,,,,,,,,,,,,,,,,,,,,,,,,,,,,,,,,,,,,,,,,,,,,,,,,,,,,,,,,,,,,,,,,,,,,,,,,,,,,,,,,,,,,,,,,,,,,,,,,,,,,,,,,,,,,,,,,,,,,,,,,,,,,,,,,,,,,,,,,,,,,,,,,,,,,,,,,,,,
3,ability,bonus,effectively,incentive,internal,preparation,holding,year,quickly,general,judgment,within,asc,form,task,responsible,excellent,management,parental,consultant,demonstrated,change,organizational,longterm,monthend,time,team,entry,firm,gemini,networking,development,function,environment,crypto,k,account,thorough,start,analysis,degree,fair,successfully,us,finance,contingency,etc,match,include,outsource,ledger,organization,competitive,transaction,work,equivalent,gaap,provide,provider,cpa,hire,plan,pressure,comprehensive,fundamental,service,building,suboutsourcing,third,regulatory,accordance,asset,reconciliation,close,level,sage,completion,party,prefer,strong,perform,understanding,hoc,relationship,collaborate,tracking,ad,experience,large,equity,revenue,field,value,reporting,related,requirement,daily,leave,preferably,skill,financial,assist,journal,procedure,health,deadline,ensure,data,loss,crossfunctional,agree,intacct,external,enterprise,special,learn,economics,accounting,fastpaced,salary,professional,outstanding,license,annual,possible,grant,need,advisor,industry,facilitate,audit,execute,netsuite,dynamic,treasury,manage,gain,policy,big,interpersonal,tax,digital,new,company,accurate,capacity,undergraduate,cryptocurrency,consolidation,pay,product,future,negotiation,relate,scalable,regulated,project,activity,plus,responsibility,discretionary,flexible,process,inclusive,permutation,affiliate,support,communication,arise,multitask,flux,implementation,respective,timely,agreement,,,,,,,,,,,,,,,,,,,,,,,,,,,,,,,,,,,,,,,,,,,,,,,,,,,,,,,,,,,,,,,,,,,,,,,,,,,,,,,,
4,ability,effectively,part,wellreasoned,platform,stuck,upgrade,question,write,reach,technical,eight,proactively,review,status,partner,basic,team,clarification,gemini,occasional,respond,base,improve,degree,asks,test,knowledge,make,input,university,work,feedback,customer,computer,provide,teammate,software,maintainability,knit,alert,college,core,two,information,engineering,current,quality,engage,security,report,sophomore,speed,understanding,productfocused,experience,graciously,correctness,feature,interest,requirement,blockchain,ensure,code,bachelor,cod,senior,web,junior,tradeoff,learn,automated,bug,tight,operation,need,concern,industry,accept,mindset,refactoring,voice,concept,manager,collaboratively,planning,new,developer,product,engineer,performance,help,project,style,design,rise,pursue,process,communicate,science,meeting,support,master,comparable,production,,,,,,,,,,,,,,,,,,,,,,,,,,,,,,,,,,,,,,,,,,,,,,,,,,,,,,,,,,,,,,,,,,,,,,,,,,,,,,,,,,,,,,,,,,,,,,,,,,,,,,,,,,,,,,,,,,,,,,,,,,,,,,,,,,,,,,,,,,,,,,,,,,,,,,
5,beyond,ability,goto,internal,year,solution,market,defined,necessary,management,deal,successful,excellent,write,demonstrated,lead,review,recruit,partner,neededassigned,goal,client,across,abreast,team,advice,development,leader,maximize,participate,environment,escalation,see,account,positive,degree,replicate,local,include,test,knowledge,sem,consulting,travel,organization,assign,disseminate,work,stream,search,develop,objective,ideally,serve,equivalent,seo,provide,plan,functionally,issue,college,align,service,bring,information,target,orient,level,pipeline,solid,retain,productsservices,achieve,maintain,meet,completion,perform,relevant,strong,leadership,exceptional,understanding,implement,exist,experience,forecast,collaborate,relationship,motivation,revenue,resolve,sale,exceed,field,strategy,display,success,accurately,point,skill,open,structure,define,attain,prioritization,coach,ensure,closely,motivate,multiple,conflict,duty,innovative,train,crossfunctional,resource,saas,quota,incremental,build,external,business,identify,specific,drive,keep,corporate,annual,need,industry,good,tactic,oversee,education,individual,manage,representative,foster,interpersonal,highly,effective,cross,monthly,planning,new,appropriate,product,expectation,analyze,quarterly,contributor,authority,result,verbal,help,performance,growth,lieu,project,activity,similar,flexible,meeting,communication,support,babs,critically,andor,timely,marketing,,,,,,,,,,,,,,,,,,,,,,,,,,,,,,,,,,,,,,,,,,,,,,,,,,,,,,,,,,,,,,,,,,,,,,,,,,,,,,,,,,,,,
6,conversion,ability,facebook,bonus,effectively,incentive,thinker,year,market,within,platform,form,parental,lead,longterm,across,time,team,campaign,track,gemini,learning,crypto,k,base,refine,improve,social,optimize,apple,analysis,start,finance,ecosystem,match,creative,include,test,competitive,work,selfstarter,search,develop,focus,collaboration,datadriven,hire,plan,handson,opportunity,legal,improvement,comprehensive,ltv,practice,crossfunctionally,maintain,best,strong,require,familiarity,report,implement,app,direction,experience,collaborate,equity,ad,appbased,strategy,leave,preferably,skill,tool,minimal,health,experimentation,data,execution,innovative,trend,identify,stay,google,passionate,web,drive,learn,ahead,managing,salary,looker,channel,initiative,independently,annual,grant,industry,execute,oversee,ab,cac,monitor,manage,manager,various,digital,new,company,effort,tableau,cryptocurrency,pay,product,analyze,rate,performance,scalable,growth,project,design,continuously,similar,discretionary,flexible,communication,support,analytics,excel,advertising,marketing,,,,,,,,,,,,,,,,,,,,,,,,,,,,,,,,,,,,,,,,,,,,,,,,,,,,,,,,,,,,,,,,,,,,,,,,,,,,,,,,,,,,,,,,,,,,,,,,,,,,,,,,,,,,,,,,,,,,,,,,,,,
7,ability,decision,bonus,increase,incentive,inform,year,platform,form,parental,card,hubspot,specifically,longterm,push,time,team,campaign,track,journey,testing,movement,template,crypto,k,improve,optimize,start,framework,mixpanel,match,etc,include,test,make,credit,competitive,work,create,develop,customer,share,deep,hire,plan,improvement,comprehensive,sm,target,maintain,strong,current,understanding,price,key,experience,collaborate,equity,lifecycle,revenue,insight,behavior,use,field,email,strategy,feature,broader,braze,leave,skill,roi,variant,health,experimentation,data,execution,engagement,trend,creation,cs,web,html,salary,looker,annual,grant,execute,dynamic,ab,manage,customize,reengagement,new,company,pay,product,analyze,segmentation,result,relate,performance,recommendation,design,continuously,discretionary,launch,notification,flexible,satisfaction,communication,support,analytical,tactical,marketing,,,,,,,,,,,,,,,,,,,,,,,,,,,,,,,,,,,,,,,,,,,,,,,,,,,,,,,,,,,,,,,,,,,,,,,,,,,,,,,,,,,,,,,,,,,,,,,,,,,,,,,,,,,,,,,,,,,,,,,,,,,,,,,,,,,,,,,,,,,,
8,present,clearly,ability,gap,decision,expect,imagine,grit,effectively,studio,uncover,capability,way,solution,measure,technical,impactful,free,change,foundational,toolkit,performancedriven,team,subsidize,understand,sushi,challenge,picture,advance,dress,technique,statistic,r,owner,smoothie,environment,see,challenging,databased,bar,stakeholder,bridge,internship,start,degree,eg,dive,niche,statistical,jean,datasets,creative,tenacious,next,competitive,organization,per,work,also,mentality,functional,optimization,spin,create,delicious,wellness,humor,focus,customer,problem,computer,latte,great,measurable,seo,datadriven,deploy,modeling,analyst,unfamiliar,handson,opportunity,improvement,align,disparate,python,source,court,application,manipulate,impact,strong,relevant,period,familiarity,willingness,biweekly,join,face,entrepreneurial,experience,relationship,large,machine,compensation,center,insight,behavior,context,value,sandwich,mean,medium,related,sense,translate,detail,experiment,selfmotivated,tool,yes,area,demonstrate,premier,leverage,data,real,intern,mine,player,interpret,workstreams,coffee,consumer,code,processing,ego,scrappy,trend,business,identify,collect,dig,combination,finding,passionate,advanced,drive,rvs,havent,learn,autonomy,fastpaced,clear,class,manipulation,graduate,technology,operation,spirit,yoga,ambiguous,extraction,proprietary,visualization,basketball,mindset,dynamic,find,landscape,side,cash,limited,casual,desired,nice,madetoorder,meal,indirectly,big,vast,solve,sql,aka,pizza,idea,june,discover,cohort,new,salad,deeper,undergraduate,tableau,come,pay,analyze,summer,complex,range,youll,growth,recommendation,project,directly,fitness,synthesize,actionable,responsibility,step,process,communicate,date,nontechnical,science,analytical,acumen,onsite,analytics,math,cafe,excel,,,,,,,,,,,,,,,,,,,,,,,,,,,,,,,,,
9,present,ability,decision,generate,effectively,detection,capability,necessary,management,question,excellent,write,card,decisionmaking,situation,bi,collection,across,team,healthy,challenge,statistic,technique,development,function,workflow,refine,take,optimize,analysis,criterion,degree,relational,fraud,suggest,eg,risk,countif,finance,one,datasets,include,test,knowledge,make,alignment,credit,transaction,work,approach,develop,customer,assessment,computer,exposure,collaboration,suspicious,riskrelated,prepare,adhoc,datadriven,safety,conduct,handson,alert,propose,monitoring,python,enhance,prevention,dashboard,engineering,effectiveness,priority,portfolio,system,presentation,leadership,strong,familiarity,report,implement,key,willingness,experience,collaborate,large,machine,insight,xlookup,use,field,skepticism,strategy,related,interest,notaskistoosmallattitude,skill,financial,assist,tool,postimplementation,riskscoring,methodology,balance,closely,mechanism,ensure,automation,refinement,data,emerge,pivot,loss,summarize,whats,crossfunctional,bachelor,assumption,trend,senior,identify,minimize,proactive,finding,table,learn,economics,compliance,evaluate,looker,currently,initiative,operation,ambiguous,thrive,visualization,realtime,monitor,rule,policy,operational,pattern,sql,model,new,proficiency,tableau,sumif,product,analyze,verbal,enhancement,complex,spend,threshold,predictive,recommendation,default,empathy,similar,contribute,pursue,power,communicate,science,analytical,support,database,analytics,communication,master,line,rollupthesleeves,excel,approval,mitigation,fraudrelated,,,,,,,,,,,,,,,,,,,,,,,,,,,,,,,,,,,,,,,,,,,,,,,,,,,,,,,,,,,,,,,,,,,,,,,,,,,,,
